titleHebrew,titleEnglish,genre,CEFR,hebrew,english,hebrewNoNiqqud
יוֹם בְּלֻנְדְּעוֹם,A Day at an Amusement Park,monologue,A1,"הַיּוֹם אֲנִי הוֹלֶכֶת לְפַארְק שַׂעֲשׁוּעִים. אֲנִי מְאוֹד שְׂמֵחָה. אֲנִי רוֹאֲהָ רַכֶּבֶת הָהָרִים, גַּלְגַּל הַעֲנָק, וְכַרְסֶלֶת. רִאשׁוֹנָה אֲנִי עוֹלָה לְגַלְגַּל הַעֲנָק. מִלְמַעְלָה אֲנִי רוֹאֲהָ אֶת כָּל הַפַּארְק. אַחַר כָּךְ אֲנִי נִכְנֶסֶת לְרַכֶּבֶת הָהָרִים. זֶה מְאֹד מַצְחִיק וְגַם קְצָת מַפְחִיד. בַּסּוֹף אֲנִי אוֹכֶלֶת גְּלִידָה וְרוֹצָה לַחֲזוֹר שׁוּב מָחָר.","Today I am going to an amusement park. I am very happy. I see a roller coaster, a Ferris wheel, and a carousel. First I go on the Ferris wheel. From above I see the whole park. After that I go on the roller coaster. It is very funny and also a little scary. At the end I eat ice cream and want to come back again tomorrow.","היום אני הולכת לפארק שעשועים. אני מאוד שמחה. אני רואה רכבת ההרים, גלגל הענק, וכרסלת. ראשונה אני עולה לגלגל הענק. מלמעלה אני רואה את כל הפארק. אחר כך אני נכנסת לרכבת ההרים. זה מאד מצחיק וגם קצת מפחיד. בסוף אני אוכלת גלידה ורוצה לחזור שוב מחר."
יוֹם בַּגַּן הַחַיּוֹת,A Day at the Zoo,monologue,A1,"הַיּוֹם אֲנִי הוֹלֶכֶת לְגַן הַחַיּוֹת. אֲנִי שְׂמֵחָה מְאוֹד. בַּגַּן הַחַיּוֹת יֵשׁ אֲרִיּוֹת, קוֹפוֹת, פִּילִים וּדְבָרוֹת אַחֵרוֹת. אֲנִי רוֹאָה אֶת הַפִּיל הַגָּדוֹל. הוּא אוֹכֵל עֵשֶׂב וְהוּא מַצְחִיק. אֲנִי רוֹאָה גַּם קוֹפָה קְטַנָּה. הִיא קוֹפֶצֶת מֵעֵץ לְעֵץ. אֲנִי מְצַלֶּמֶת אוֹתָהּ. אַחֲרֵי זֶה אֲנִי יוֹשֶׁבֶת וְאוֹכֶלֶת גְּלִידָה. זֶה יוֹם יָפֶה וַאֲנִי מְאוֹד מְאוּשֶּׁרֶת.","Today I go to the zoo. I am very happy.
In the zoo there are lions, monkeys, elephants, and other things.
I see the big elephant. He eats grass and he is funny.
I also see a little monkey. She jumps from tree to tree.
I take a picture of her.
After that, I sit and eat ice cream.
It is a beautiful day and I am very happy.","היום אני הולכת לגן החיות. אני שמחה מאוד. בגן החיות יש אריות, קופות, פילים ודברות אחרות. אני רואה את הפיל הגדול. הוא אוכל עשב והוא מצחיק. אני רואה גם קופה קטנה. היא קופצת מעץ לעץ. אני מצלמת אותה. אחרי זה אני יושבת ואוכלת גלידה. זה יום יפה ואני מאוד מאושרת."
יוֹם בַּכְּפָר,A Day in the Countryside,monologue,A1,"הַיּוֹם אֲנִי בַּכְּפָר. הַשֶּׁמֶשׁ זוֹרַחַת וְיֵשׁ רוּחַ קַלָּה. אֲנִי הוֹלֵךְ בַּשָּׂדֶה וְרוֹאֶה פְּרָחִים יָפִים. הַצִּפּוֹרִים שָׁרוֹת וַאֲנִי מַקְשִׁיב לָהֶן.
יֵשׁ גַּם פָּרוֹת וְכִבְשִׂים. אֲנִי רוֹאֶה יֶלֶד קָטָן שֶׁמַּאֲכִיל אֶת הַכֶּבֶשׂ. זֶה מַצְחִיק וְחָמוּד.
בַּצָּהֳרַיִם אֲנִי יוֹשֵׁב תַּחַת עֵץ גָּדוֹל. אֲנִי אוֹכֵל לֶחֶם וְגְבִינָה, וְשׁוֹתֶה מַיִם קָרִים. אֲנִי רָגוּעַ וּשָׂמֵחַ.
בַּסּוֹף אֲנִי חוֹזֵר הַבַּיְתָה וְחוֹשֵׁב: הַכְּפָר יָפֶה וְשָׁקֵט.","Today I am in the countryside. The sun is shining and there is a light breeze. I walk in the field and see beautiful flowers. The birds are singing, and I listen to them. There are also cows and sheep. I see a little boy feeding a sheep. It is funny and cute. At noon I sit under a big tree. I eat bread and cheese, and drink cold water. I am calm and happy. At the end I go back home and think: the countryside is beautiful and quiet.","היום אני בכפר. השמש זורחת ויש רוח קלה. אני הולך בשדה ורואה פרחים יפים. הצפורים שרות ואני מקשיב להן.
יש גם פרות וכבשים. אני רואה ילד קטן שמאכיל את הכבש. זה מצחיק וחמוד.
בצהרים אני יושב תחת עץ גדול. אני אוכל לחם וגבינה, ושותה מים קרים. אני רגוע ושמח.
בסוף אני חוזר הביתה וחושב: הכפר יפה ושקט."
לִשְׁאֹל עַל כִּוּוּנִים,Asking for Directions,dialogue,A1,,,
לְבַקֵּשׁ עֶזְרָה בַּשְּׂדֵה הַתְּעוּפָה,Asking for Help at the Airport,dialogue,A1,,,
לְבַקֵּשׁ גִּישָׁה לְוַי־פַי,Asking for Wi-Fi Access,dialogue,A1,,,
אֵצֶל הַשִּׁנַּנְתָּן,At the Dentist,dialogue,A1,,,
אֲפִיַּת עוּגוּיוֹת,Baking Cookies,monologue,A1,"הַיּוֹם אֲנִי אוֹפֶה עוּגִיּוֹת.
אֲנִי לוֹקֵחַ קֶמַח, סֻכָּר וּבֵיצִים.
אֲנִי שָׂם גַּם שׁוֹקוֹלָד קָטָן.
אֲנִי עוֹרֵב אֶת הַכֹּל בְּקְעָרָה.
אַחֲרֵי זֹאת אֲנִי שָׂם אֶת הַבָּצֵק עַל תַּבְנִית.
הָעוּגִיּוֹת נִמְצָאוֹת בַּתַּנּוּר.
אַחֲרֵי עֶשֶׂר דַּקּוֹת הֵן מוּכָנוֹת.
אֲנִי אוֹהֵב לֶאֱכוֹל עוּגִיּוֹת חַמּוֹת.","Today I am baking cookies. I take flour, sugar, and eggs. I also add a little chocolate. I mix everything in a bowl. After that I put the dough on a tray. The cookies are in the oven. After ten minutes they are ready. I like to eat warm cookies.","היום אני אופה עוגיות.
אני לוקח קמח, סכר וביצים.
אני שם גם שוקולד קטן.
אני עורב את הכל בקערה.
אחרי זאת אני שם את הבצק על תבנית.
העוגיות נמצאות בתנור.
אחרי עשר דקות הן מוכנות.
אני אוהב לאכול עוגיות חמות."
הַזְמָנַת חֶדֶר בְּמָלוֹן,Booking a Hotel Room,dialogue,A1,,,
רִישּׁוּם כְּנִיסָה לְמָלוֹן,Checking into a Hotel,dialogue,A1,,,
נִקָּיוֹן הַחֶדֶר שֶׁלִּי,Cleaning My Room,monologue,A1,"הַיּוֹם אֲנִי מְנַקָּה אֶת הַחֶדֶר שֶׁלִּי.
הַחֶדֶר שֶׁלִּי מְאוֹד מְבֻלְגָּן.
יֵשׁ כְּסָאוֹת עַל הַכִּסֵּא.
יֵשׁ סְפָרִים עַל הַרִצְפָּה.
אֲנִי מְסַדֶּרֶת אֶת הַבְּגָדִים.
אֲנִי שָׂמָה סְפָרִים עַל הַשֻּׁלְחָן.
אֲנִי שָׂמָה נַעֲלַיִם בָּאֲרוֹן.
עַכְשָׁיו הַחֶדֶר נָקִי.
עַכְשָׁיו אֲנִי שְׂמֵחָה.","Today I am cleaning my room.
My room is very messy.
There are clothes on the chair.
There are books on the floor.
I am arranging the clothes.
I put books on the table.
I put shoes in the closet.
Now the room is clean.
Now I am happy.","היום אני מנקה את החדר שלי.
החדר שלי מאוד מבלגן.
יש כסאות על הכסא.
יש ספרים על הרצפה.
אני מסדרת את הבגדים.
אני שמה ספרים על השלחן.
אני שמה נעלים בארון.
עכשיו החדר נקי.
עכשיו אני שמחה."
קוֹסְטָה דֶּל סוֹל,Costa del Sol,travel,A1,,,
הֶבְטֵי סִכּוּן שֶׁל רֶשֶׁת הַחֶבְרָתִית,Dangerous Aspects of Social Media,technology,A1,,,
נְאוֹת מִדְבָּר,Desert Oases,science,A1,"בַּמִּדְבָּר יֵשׁ מְקוֹמוֹת מְיֻחָדִים שֶׁנִּקְרָאִים נְאוֹת מִדְבָּר.
בַּנָּאוֶה יֵשׁ מַיִם, עֵצִים וְצִפֳּרִים.
הָאֲנָשִׁים עוֹצְרִים בַּנָּאוֶה כְּדֵי לִשְׁתּוֹת מַיִם וְלָנוּחַ.
זֶה מָקוֹם יָפֶה וְשֶׁקֶט בְּתוֹךְ הַחּוֹל וְהָחֹם.","In the desert there are special places called oases.
In an oasis there is water, trees, and birds.
People stop at the oasis to drink water and rest.
It is a beautiful and quiet place in the middle of the sand and the heat.","במדבר יש מקומות מיחדים שנקראים נאות מדבר.
בנאוה יש מים, עצים וצפרים.
האנשים עוצרים בנאוה כדי לשתות מים ולנוח.
זה מקום יפה ושקט בתוך החול והחם."
דִּיּוּן עַל אַלֶּרְגִּיָּה,Discussing an Allergy,dialogue,A1,,,
הַאִם לַחַיּוֹת יֵשׁ אִישִׁיּוּת?,Do Animals Have Personalities?,psychology,A1,,,
רַעֲשֵׁי אֲדָמָה,Earthquakes,science,A1,"רַעַשׁ אֲדָמָה הוּא תְּנוּעָה חֲזָקָה שֶׁל הָאֲדָמָה. כְּשֶׁהָאֲדָמָה זוֹזָה, הַבָּתִּים רוֹעֲדִים. אֲנָשִׁים רָצִים לַחוּץ וּמְחַפְּשִׂים מָקוֹם בָּטוּחַ. רַעַשׁ אֲדָמָה יָכוֹל לִהְיוֹת קָצָר אוֹ אָרוֹךְ. בַּסּוֹף הָאֲדָמָה נִרְגַּעַת, וְהָאֲנָשִׁים חוֹזְרִים לְבָתֵּיהֶם.","An earthquake is a strong movement of the ground. When the ground moves, the houses shake. People run outside and look for a safe place. An earthquake can be short or long. In the end, the ground becomes calm, and the people return to their homes.","רעש אדמה הוא תנועה חזקה של האדמה. כשהאדמה זוזה, הבתים רועדים. אנשים רצים לחוץ ומחפשים מקום בטוח. רעש אדמה יכול להיות קצר או ארוך. בסוף האדמה נרגעת, והאנשים חוזרים לבתיהם."
עֲרוּכוֹת עֶזְרָה רִאשׁוֹנָה,First Aid Kits,health,A1,,,
מְכוֹנוֹת טִיסָה,Flying Cars,science fiction,A1,בֶּעָתִיד יֵשׁ מְכוֹנוֹת שֶׁעוֹפוֹת בַּשָּׁמַיִם. הַמְּכוֹנִית עוֹלָה מֵהָאֲדָמָה וְטָסָה כְּמוֹ מָטוֹס קָטָן. אֲנָשִׁים נוֹסְעִים בַּמְּכוֹנִית וְרוֹאִים אֶת הָעִיר מִלְמַעְלָה. הַדֶּרֶךְ קְצָרָה וְהַנְּסִיעָה מְהֵירָה. זֶה חֲלוֹם גָּדוֹל שֶׁיִּתָּכֵן בֶּעָתִיד.,In the future there will be cars that fly in the sky. The car goes up from the ground and flies like a small airplane. People travel in the car and see the city from above. The road is short and the ride is fast. It is a big dream that may happen in the future.,בעתיד יש מכונות שעופות בשמים. המכונית עולה מהאדמה וטסה כמו מטוס קטן. אנשים נוסעים במכונית ורואים את העיר מלמעלה. הדרך קצרה והנסיעה מהירה. זה חלום גדול שיתכן בעתיד.
תִּסְפֹּרֶת,Getting a Haircut,dialogue,A1,,,
תְּזוּנָה בָּרִיאָה,Healthy Eating,health,A1,"אֲנִי אוֹהֵב לֶאֱכוֹל אוֹכֶל בָּרִיא.
בַּבֹּקֶר אֲנִי אוֹכֵל לֶחֶם וּפֵרוֹת.
בַּצָּהֳרַיִם אֲנִי אוֹכֵל אוֹפֶה וְסָלָט.
בָּעֶרֶב אֲנִי שׁוֹתֶה מַיִם וְאוֹכֵל יָרָקוֹת.
אוֹכֶל בָּרִיא עוֹזֵר לִי לְהַרְגִּישׁ טוֹב.","I like to eat healthy food.
In the morning I eat bread and fruit.
At noon I eat chicken and salad.
In the evening I drink water and eat vegetables.
Healthy food helps me feel good.",אני אוהב לאכול אוכל בריא. בבקר אני אוכל לחם ופרות. בצהרים אני אוכל אופה וסלט. בערב אני שותה מים ואוכל ירקות. אוכל בריא עוזר לי להרגיש טוב.
הַאִם אֲרוּחַת בֹּקֶר חֲשׁוּבָה?,Is Breakfast Important?,health,A1,,,
לִמּוּד אֹצֶר מִלִּים חָדָשׁ,Learning New Vocabulary,monologue,A1,"שְׁמִי מִרְיָם. אֲנִי לוֹמֶדֶת עִבְרִית כִּי אֲנִי רוֹצָה לְדַבֵּר עִם חֲבֵרוֹת. כָּל יוֹם אֲנִי לוֹמֶדֶת מִלָּה חֲדָשָׁה. אֲנִי כּוֹתֶבֶת אֶת הַמִּלָּה בַּפֶּנְקָס, וַאֲנִי אוֹמֶרֶת אוֹתָהּ רַבּוֹת פְּעָמִים. כָּךְ אֲנִי זוֹכֶרֶת. כְּשֶׁאֲנִי מַכִּירָה מִלּוֹת חֲדָשׁוֹת, אֲנִי שְׂמֵחָה.","My name is Miriam. I am learning Hebrew because I want to speak with friends. Every day I learn a new word. I write the word in a notebook, and I say it many times. This way I remember. When I know new words, I am happy.","שמי מרים. אני לומדת עברית כי אני רוצה לדבר עם חברות. כל יום אני לומדת מלה חדשה. אני כותבת את המלה בפנקס, ואני אומרת אותה רבות פעמים. כך אני זוכרת. כשאני מכירה מלות חדשות, אני שמחה."
חַיִּים עַל מַאְדִּים,Life on Mars,science fiction,A1,,,
מַגְנֵטִים בַּחַיִּים הַיּוֹמְיוּמִיִּים,Magnets in Everyday Life,technology,A1,הַמַּגְנֵט הוּא חָפֵץ קָטָן וּמְיֻחָד. אֲנַחְנוּ רוֹאִים מַגְנֵטִים בַּבַּיִת וּבַכִּתָּה. מַגְנֵט מַחֲזִיק נְיָרוֹת עַל הַמְּקָרֵר. יֵשׁ מַגְנֵטִים בַּצַּעֲצוּעִים שֶׁל יְלָדִים. מַגְנֵט עוֹזֵר לָנוּ לִמְצֹא דְּבָרִים מִבַּרְזֶל. הַמַּגְנֵט פָּשׁוּט אֲבָל מְאֹד שִׁמּוּשִׁי.,The magnet is a small and special object. We see magnets at home and in the classroom. A magnet holds papers on the refrigerator. There are magnets in children’s toys. A magnet helps us find things made of metal. The magnet is simple but very useful.,המגנט הוא חפץ קטן ומיחד. אנחנו רואים מגנטים בבית ובכתה. מגנט מחזיק נירות על המקרר. יש מגנטים בצעצועים של ילדים. מגנט עוזר לנו למצא דברים מברזל. המגנט פשוט אבל מאד שמושי.
מֵטְרוֹפּוֹלִין,Metropolis,science fiction,A1,,,
פִּטְרִיּוֹת,Mushrooms,food,A1,,,
הַכִּתָּה שֶׁלִּי,My Classroom,monologue,A1,"זֹאת הַכִּתָּה שֶׁלִּי.
בַּכִּתָּה יֵשׁ שֻׁלְחָן וְכִסֵּא.
יֵשׁ גַּם לוּחַ גָּדוֹל.
בַּכִּתָּה יֵשׁ מוֹרָה וְיֵשׁ תַּלְמִידוֹת וְתַלְמִידִים.
אֲנִי יוֹשֶׁבֶת עַל הַכִּסֵּא.
אֲנִי רוֹאֲה אֶת הַכִּתָּה.
הַכִּתָּה יָפָה וַאֲנִי שְׂמֵחָה.","This is my classroom.
In the classroom there is a table and a chair.
There is also a big board.
In the classroom there is a teacher and there are female and male students.
I am sitting on the chair.
I see the classroom.
The classroom is beautiful and I am happy.","זאת הכתה שלי.
בכתה יש שלחן וכסא.
יש גם לוח גדול.
בכתה יש מורה ויש תלמידות ותלמידים.
אני יושבת על הכסא.
אני רואה את הכתה.
הכתה יפה ואני שמחה."
הָעִיר הָאֲהוּבָה עָלַי,My Favorite City,monologue,A1,"הָעִיר הָאַהוּבָה עָלַי הִיא תֵּל אָבִיב. אֲנִי אוֹהֵב אֶת תֵּל אָבִיב כִּי יֵשׁ בָּהּ חוֹף יָפֶה. בַּקַּיִץ אֲנִי הוֹלֵךְ לַיָּם עִם חֲבֵרִים, וַאֲנַחְנוּ שָׂמֵחַ. בָּעִיר יֵשׁ גַּם כַּמָּה גַּנִּים יָפִים, וַאֲנִי אוֹהֵב לָלֶכֶת שָׁם בַּעֶרֶב.

תֵּל אָבִיב הִיא גַּם עִיר גְּדוֹלָה. יֵשׁ בָּהּ רַבּוֹת מִסְעָדוֹת וַחֲנוּיּוֹת. אֲנִי אוֹהֵב לֶאֱכוֹל פִּיצָּה וְגַם גְּלִידָה. הָאֲנָשִׁים בָּעִיר חֲבֵרִים וְאֲנִי מַרְגִּישׁ בַּבַּיִת.

בְּעִיר שֶׁלִּי יֵשׁ חַיִּים שְׂמֵחִים וְאֲנִי רוֹצֶה לָגוּר שָׁם גַּם בַּעֲתִיד.","My favorite city is Tel Aviv. I love Tel Aviv because it has a beautiful beach. In the summer I go to the sea with friends, and we are happy. In the city there are also some beautiful gardens, and I like to walk there in the evening. Tel Aviv is also a big city. It has many restaurants and shops. I like to eat pizza and also ice cream. The people in the city are friendly, and I feel at home. In my city there is a happy life, and I want to live there also in the future.","העיר האהובה עלי היא תל אביב. אני אוהב את תל אביב כי יש בה חוף יפה. בקיץ אני הולך לים עם חברים, ואנחנו שמח. בעיר יש גם כמה גנים יפים, ואני אוהב ללכת שם בערב.

תל אביב היא גם עיר גדולה. יש בה רבות מסעדות וחנויות. אני אוהב לאכול פיצה וגם גלידה. האנשים בעיר חברים ואני מרגיש בבית.

בעיר שלי יש חיים שמחים ואני רוצה לגור שם גם בעתיד."
הָאֹכֶל הָאֲהוּב עָלַי,My Favorite Food,monologue,A1,,,
הַתַּחְבִּיב הָאֲהוּב עָלַי,My Favorite Hobby,monologue,A1,,,
נִסָּיוֹן הַבִּשּׁוּל הָרִאשׁוֹן שֶׁלִּי,My First Cooking Attempt,monologue,A1,,,
הַבַּיִת שֶׁלִּי,My Home,monologue,A1,"בֵּיתִי קָטָן וְנָעִים. יֵשׁ בַּבַּיִת סָלוֹן, מִטְבָּח וּשְׁתֵּי חֲדָרִים. הַסָּלוֹן אוֹרֵחַ וְיֵשׁ בּוֹ סַפְסָל וְשֻׁלְחָן קָטָן. הַמִּטְבָּח פָּשׁוּט אֲבָל נוֹחַ. יֵשׁ לִי חֶדֶר שֵׁנָה וַחֲדַר עֲבוֹדָה. אֲנִי אוֹהֶבֶת אֶת הַבַּיִת שֶׁלִּי.","My home is small and pleasant. The house has a living room, a kitchen, and two rooms. The living room is bright and has a couch and a small table. The kitchen is simple but comfortable. I have a bedroom and a study. I love my home.","ביתי קטן ונעים. יש בבית סלון, מטבח ושתי חדרים. הסלון אורח ויש בו ספסל ושלחן קטן. המטבח פשוט אבל נוח. יש לי חדר שנה וחדר עבודה. אני אוהבת את הבית שלי."
הַנְּסִיעָה הַיּוֹמִית שֶׁלִּי,My Morning Commute,monologue,A1,,,
שִׁגְרַת הַבֹּקֶר שֶׁלִּי,My Morning Routine,monologue,A1,,,
הַשְּׁכוּנָה שֶׁלִּי,My Neighborhood,monologue,A1,"שְׁכֻנָּה שֶׁלִּי קְטַנָּה וְיָפָה.
יֵשׁ בָּהּ בַּיִת סֵפֶר, חֲנוּת קְטַנָּה וּגַּן יְלָדִים.
אֲנִי אוֹהֶבֶת לָלֶכֶת בָּרֶגֶל לַגַּן הַיָּפֶה.
בַּשְּׁכֻנָּה יֵשׁ גַּם כֶּלֶב גָּדוֹל שֶׁכֻּלָּם מַכִּירִים.
הַשְּׁכֻנָּה שֶׁלִּי שֶׁקֶט וְנָעִים לָגוּר בָּהּ.","My neighborhood is small and pretty.
It has a school, a small shop, and a kindergarten.
I like to walk to the beautiful garden.
In the neighborhood there is also a big dog that everyone knows.
My neighborhood is quiet and pleasant to live in.","שכנה שלי קטנה ויפה.
יש בה בית ספר, חנות קטנה וגן ילדים.
אני אוהבת ללכת ברגל לגן היפה.
בשכנה יש גם כלב גדול שכלם מכירים.
השכנה שלי שקט ונעים לגור בה."
הַחֲיוֹת הַמְחַמָּדוֹת שֶׁלִּי,My Pets,monologue,A1,,,
לֵיל שְׁנַת הַחֲדָשָׁה בְּיִשְׂרָאֵל,New Year's Eve in Israel,culture,A1,"בְּיִשְׂרָאֵל חוֹגְגִים אֶת סִילְבֶסְטֶר בְּלֵיל שְׁנַת הַחֲדָשָׁה. בָּעָרִים הַגְּדוֹלוֹת יֵשׁ מְסִבּוֹת וּמַסְעָדוֹת פְּתוּחוֹת. הָאֲנָשִׁים לוֹבְשִׁים בְּגָדִים יָפִים וְשָׂמֵחִים עִם חֲבֵרִים. בַּחֲצוֹת לַיְלָה הַכֻּלָּם סוֹפְרִים יַחַד: עֶשֶׂר, תֵּשַׁע, שְׁמוֹנֶה… וּמְבָרְכִים זֶה אֶת זֶה בְּ“שָׁנָה טוֹבָה!”. יֵשׁ גַּם כְּלֵי זִמְרָה, מוּזִיקָה, וּפְעָמִים זִקּוּקִין. הַיֶּלֶדִים רוֹאִים אֶת הַזִּקּוּקִין וְשָׂמֵחִים מְאֹד. זֶה לַיְלָה מְיֻחָד בְּיִשְׂרָאֵל.","In Israel, people celebrate Sylvester, New Year’s Eve. In the big cities there are parties and open restaurants. People wear nice clothes and are happy with friends. At midnight everyone counts together: ten, nine, eight… and wish each other “Happy New Year!”. There are also instruments, music, and sometimes fireworks. The children watch the fireworks and are very happy. It is a special night in Israel.","בישראל חוגגים את סילבסטר בליל שנת החדשה. בערים הגדולות יש מסבות ומסעדות פתוחות. האנשים לובשים בגדים יפים ושמחים עם חברים. בחצות לילה הכלם סופרים יחד: עשר, תשע, שמונה… ומברכים זה את זה ב“שנה טובה!”. יש גם כלי זמרה, מוזיקה, ופעמים זקוקין. הילדים רואים את הזקוקין ושמחים מאד. זה לילה מיחד בישראל."
חַיּוֹת לֵילִיוֹת,Nocturnal Animals,science,A1,,,
הַזְמָנַת גְּלִידָה,Ordering Ice Cream,dialogue,A1,,,
אֲרִיזָה לַחֲגֻגָּה,Packing for a Vacation,monologue,A1,"אֲנִי רוֹצָה לִסְעוֹד לַחֲגִיגָה.
אֲנִי צוֹרֶכֶת לֶאֱרוֹז מִזְוָדָה.
בַּמִּזְוָדָה יֵשׁ חֲלוּקוֹת, חֲצָאִיּוֹת וּבְגָדִים נוֹחִים.
אֲנִי שָׂמָה גַּם נַעֲלַיִם.
יֵשׁ לִי סְפָרִים קְטַנִּים לִקְרוֹא.
אֲנִי לוֹקַחַת מַיִם וּמַצְפֵּה לַיָּמִים שֶׁל מְנוּחָה.
אֲנִי מְאוֹד שְׂמֵחָה לָצֵאת לַחֲפָשָׁה.","I want to travel for vacation.
I need to pack a suitcase.
In the suitcase there are shirts, skirts, and comfortable clothes.
I also put shoes.
I have small books to read.
I take water and look forward to days of rest.
I am very happy to go on vacation.","אני רוצה לסעוד לחגיגה.
אני צורכת לארוז מזודה.
במזודה יש חלוקות, חצאיות ובגדים נוחים.
אני שמה גם נעלים.
יש לי ספרים קטנים לקרוא.
אני לוקחת מים ומצפה לימים של מנוחה.
אני מאוד שמחה לצאת לחפשה."
פַּטַּטַס בְּרָבַּאס,Patatas bravas,food,A1,,,
מַעֲרֶכֶת פּוֹלִיטִית שֶׁל הָעוֹלָם,Political Systems of the World,politics,A1,"בָּעוֹלָם יֵשׁ מַעֲרָכוֹת פּוֹלִיטִיּוֹת שׁוֹנוֹת. יֵשׁ מְדִינוֹת שֶׁבָּהֶן מֶלֶךְ אוֹ מַלְכָּה. הַמֶּלֶךְ הוּא רֹאשׁ הַמְּדִינָה. יֵשׁ מְדִינוֹת אַחֵרוֹת שֶׁבָּהֶן יֵשׁ נָשִׂיא אוֹ רָאשׁ מֶמְשָׁלָה. הֵם מַנְהִיגִים אֶת הָעָם. בְּכָל מְדִינָה הָעָם בּוֹחֵר מַנְהִיגִים בְּבְחִירוֹת. הַבְּחִירוֹת חֲשׁוּבוֹת כִּי הֵן נוֹתְנוֹת לָעָם קוֹל וְכֹחַ. בְּחֵלֶק מֵהַמְּדִינוֹת הָעָם יָכוֹל לְדַבֵּר בְּחֹפֶשׁ, וּבְחֵלֶק אַחֵר לֹא. כָּל מְדִינָה בּוֹחֶרֶת דֶּרֶךְ שֶׁלָּהּ.","In the world there are different political systems.
There are countries where there is a king or a queen.
The king is the head of the state.
There are other countries where there is a president or a prime minister.
They lead the people.
In every country, the people choose leaders in elections.
The elections are important because they give the people a voice and power.
In some countries, the people can speak freely, and in others, not.
Every country chooses its own way.","בעולם יש מערכות פוליטיות שונות. יש מדינות שבהן מלך או מלכה. המלך הוא ראש המדינה. יש מדינות אחרות שבהן יש נשיא או ראש ממשלה. הם מנהיגים את העם. בכל מדינה העם בוחר מנהיגים בבחירות. הבחירות חשובות כי הן נותנות לעם קול וכח. בחלק מהמדינות העם יכול לדבר בחפש, ובחלק אחר לא. כל מדינה בוחרת דרך שלה."
קְנִיַּת מַזְכָּרוֹת אֲכִילִים,Shopping for Edible Souvenirs,dialogue,A1,,,
קְנִיַּת מַצְרוֹכִים,Shopping for Groceries,monologue,A1,,,
עֵצוֹת פְּשׁוּטוֹת לְשֵׁנָה טוֹבָה יוֹתֵר,Simple Tips for Better Sleep,health,A1,"שֵׁנָה טוֹבָה עוֹזֶרֶת לָנוּ לִהְיוֹת חֲזָקִים וּשְׂמֵחִים. כְּדֵי לִישׁוֹן יָפֶה, טוֹב לִכְבּוֹת אֶת הַטֵּלֵפוֹן לִפְנֵי הַשֵּׁנָה. יֵשׁ לָשֶׁבֶת רֶגַע בְּשֶׁקֶט וְלִקְרוֹא סֵפֶר קָטָן. כָּדַאי לִשְׁתּוֹת מַיִם חַמִּים אוֹ חָלָב חַם. חֲדַר שֶׁקֶט וְחֹשֶׁךְ עוֹזֵר גַּם הוּא לִישׁוֹן יָפֶה.","Good sleep helps us be strong and happy. To sleep well, it’s good to turn off the phone before bed. Sit quietly for a moment and read a small book. It’s good to drink warm water or warm milk. A quiet and dark room also helps to sleep well.","שנה טובה עוזרת לנו להיות חזקים ושמחים. כדי לישון יפה, טוב לכבות את הטלפון לפני השנה. יש לשבת רגע בשקט ולקרוא ספר קטן. כדאי לשתות מים חמים או חלב חם. חדר שקט וחשך עוזר גם הוא לישון יפה."
רְחוֹק מֵהַעֲלוּם,Spirited Away,fantasy,A1,,,
הִשָּׁאֲרוּת פְּעִילִים בְּתוֹךְ הַבַּיִת,Staying Active Indoors,health,A1,,,
סוּשִׁי,Sushi,food,A1,"אֲנִי אוֹהֵב לֶאֱכוֹל סוּשִׁי.
הַסּוּשִׁי יֵשׁ בּוֹ אוֹרֶז וְדָג.
יֵשׁ סוּשִׁי עִם יְרָקוֹת גַּם כֵּן.
בְּתֵיאָטְרוֹן אֲנִי אוֹכֵל פִּיצָּה, וּבְמִסְעָדָה אֲנִי אוֹכֵל סוּשִׁי.
הַסּוּשִׁי טָעִים וַאֲנִי שָׂמֵחַ לֶאֱכוֹל אוֹתוֹ.","I like to eat sushi.
The sushi has rice and fish.
There is also sushi with vegetables.
At the theater I eat pizza, and at the restaurant I eat sushi.
The sushi is tasty and I am happy to eat it.","אני אוהב לאכול סושי. הסושי יש בו אורז ודג. יש סושי עם ירקות גם כן. בתיאטרון אני אוכל פיצה, ובמסעדה אני אוכל סושי. הסושי טעים ואני שמח לאכול אותו."
בְּדִיקַת הַבִּטָּחוֹן בַּשְּׂדֵה הַתְּעוּפָה,The Airport Security Check,dialogue,A1,,,
הַמַּאֲפִיָּה,The Bakery,dialogue,A1,,,
הַחוֹף,The Beach,dialogue,A1,,,
חֲנוּת הַסְּפָרִים,The Bookstore,dialogue,A1,,,
הַחֲנִיָּה לַמַּחֲנוֹת,The Campsite,dialogue,A1,,,
בֵּית־קָפֶה לַחֲתוּלִים,The Cat Cafe,dialogue,A1,,,
חֲנוּת הַנֹּחַ,The Convenience Store,dialogue,A1,,,
הַמַּרְאָה הַמְקֻלֶּלֶת,The Cursed Mirror,horror,A1,,,
מִשְׂרַד הָרוֹפֵא,The Doctor's Office,dialogue,A1,,,
חֲנוּת הַאֶלֶקְטְרוֹנִיקָה,The Electronics Store,dialogue,A1,,,
הַיּוֹם הָרִאשׁוֹן בַּעֲבוֹדָה חֲדָשָׁה,The First Day at a New Job,monologue,A1,"הַיּוֹם הָיָה הַיּוֹם הָרִאשׁוֹן שֶׁלִּי בַּעֲבוֹדָה חֲדָשָׁה.
הִגַּעְתִּי בַּבֹּקֶר, קִבַּלְתִּי כּוֹבַע וְתוֹכוֹ נִכְתַּב הַשֵּׁם שֶׁלִּי.
כֻּלָּם חִיְּכוּ אֵלַי וְאָמְרוּ שָׁלוֹם.
הַמְּנַהֶלֶת הִרְאָתָה לִי אֵיפֹה הַמִּשְׁרָד שֶׁלִּי.
הִרְגַּשְׁתִּי קְצָת חֲדָשָׁה, אֲבָל גַּם שְׂמֵחָה.
סוֹף הַיּוֹם עָבַר בְּשָׁלוֹם, וַאֲנִי מְחַכָּה לְמָחָר.","Today was my first day at a new job.
I arrived in the morning, I received a hat with my name written inside.
Everyone smiled at me and said “hello.”
The manager showed me where my office is.
I felt a little new, but also happy.
The day ended well, and I am waiting for tomorrow.","היום היה היום הראשון שלי בעבודה חדשה.
הגעתי בבקר, קבלתי כובע ותוכו נכתב השם שלי.
כלם חיכו אלי ואמרו שלום.
המנהלת הראתה לי איפה המשרד שלי.
הרגשתי קצת חדשה, אבל גם שמחה.
סוף היום עבר בשלום, ואני מחכה למחר."
הָאוֹצָר הַנִּסְתָּר,The Hidden Treasure,monologue,A1,,,
קּוֹלְנוֹעַ,The Movie Theater,dialogue,A1,,,
בֵּית הַמִּרְקַחַת,The Pharmacy,dialogue,A1,,,
הַדֶּלֶת הַסּוֹדִית,The Secret Door,monologue,A1,,,
הַמַּעֲרֶכֶת הַשִּׁמְשִׁית,The Solar System,science,A1,הַשֶּׁמֶשׁ הִיא כּוֹכָב גָּדוֹל. הִיא נוֹתֶנֶת אוֹר וְחֹם. סָבִיב לַשֶּׁמֶשׁ יֵשׁ כּוֹכְבֵי לֶכֶת. כּוֹכַב הַלֶּכֶת הָרִאשׁוֹן הוּא מֶרְקוּרִי. אַחֲרָיו נוֹגַהּ. אַחֲרֵי נוֹגַהּ יֵשׁ אֶת הָאָרֶץ. בָּאָרֶץ אָנוּ גָּרִים. אַחֲרֵי הָאָרֶץ בָּא מַאֲדִים. יֵשׁ גַּם כּוֹכְבֵי לֶכֶת גְּדוֹלִים כְּמוֹ יְרוֹפִיטֶר וְשַׁבְתַּאי. הַשֶּׁמֶשׁ וְכָל הַכּוֹכָבִים הֵם הַמַּעֲרֶכֶת הַשִּׁמְשִׁית.,The sun is a big star. It gives light and heat. Around the sun there are planets. The first planet is Mercury. After it comes Venus. After Venus there is the Earth. On Earth we live. After Earth comes Mars. There are also big planets like Jupiter and Saturn. The sun and all the planets are the solar system.,השמש היא כוכב גדול. היא נותנת אור וחם. סביב לשמש יש כוכבי לכת. כוכב הלכת הראשון הוא מרקורי. אחריו נוגה. אחרי נוגה יש את הארץ. בארץ אנו גרים. אחרי הארץ בא מאדים. יש גם כוכבי לכת גדולים כמו ירופיטר ושבתאי. השמש וכל הכוכבים הם המערכת השמשית.
הַמּוֹנִית,The Taxi,dialogue,A1,,,
הַפְּגִישָּׁה הַנּוֹרָאָה,The Terrible Date,dialogue,A1,,,
תַּחֲנַת הָרַכֶּבֶת,The Train Station,dialogue,A1,,,
תְּקוּפַת הַוִיקִּינְגִּים,The Viking Age,history,A1,,,
מֶזֶג הָאֲוִיר הַיּוֹמִי,Today's Weather,monologue,A1,הַיּוֹם מֵזֶג הָאֲוִיר חַמָּה וְיָפֶה. הַשֶּׁמֶשׁ זוֹרַחַת בַּשָּׁמַיִם וְהַשָּׁמַיִם כְּחוּלִים. אֵין עָנָן גָּדוֹל. אֲנִי לוֹבֵשׁ חֻלְצָה קַלָּה וּמוֹצֵא כּוֹבַע. הַיּוֹם טוֹב לָלֶכֶת בַּגָּן.,Today the weather is warm and nice. The sun is shining in the sky and the sky is blue. There is no big cloud. I wear a light shirt and find a hat. Today is a good day to walk in the garden.,היום מזג האויר חמה ויפה. השמש זורחת בשמים והשמים כחולים. אין ענן גדול. אני לובש חלצה קלה ומוצא כובע. היום טוב ללכת בגן.
לִהְיוֹת לָכֻד בִּפְנִים,Trapped Inside,horror,A1,,,
אִיזְרָאֵלִי אָפְיָנִי,Typically Israeli,culture,A1,,,
בִּקּוּר בְּמוּזֵיאוֹן,Visiting a Museum,monologue,A1,"הַיּוֹם אֲנִי הוֹלֵך לְמוּזֵיאוֹן. אֲנִי מְאֹד שָׂמֵחַ. בַּמּוּזֵיאוֹן יֵשׁ תְּמוּנוֹת גְּדוֹלוֹת, פְּסָלִים יָפִים וְכֵלִים עַתִּיקִים. אֲנִי רוֹאֶה תְּמוּנָה יָפָה שֶׁל נוֹף, וַאֲנִי חוֹשֵׁב עָלֶיהָ הַרְבֵּה. אֲנִי הוֹלֵך מֵחָדָר לַחָדָר וְרוֹאֶה דְּבָרִים חֲדָשִׁים. בַּסּוֹף אֲנִי עוֹצֵר בַּחֲנוּת קְטַנָּה וְקוֹנֶה גַּלְיוֹנִית. אֲנִי מְאוֹד מְאוֹד מְאוּשָּׁר.","Today I go to the museum. I am very happy. In the museum there are big paintings, beautiful statues, and ancient objects. I see a beautiful picture of a landscape, and I think about it a lot. I walk from room to room and see new things. At the end I stop in a small shop and buy a postcard. I am very, very happy.","היום אני הולך למוזיאון. אני מאד שמח. במוזיאון יש תמונות גדולות, פסלים יפים וכלים עתיקים. אני רואה תמונה יפה של נוף, ואני חושב עליה הרבה. אני הולך מחדר לחדר ורואה דברים חדשים. בסוף אני עוצר בחנות קטנה וקונה גליונית. אני מאוד מאוד מאושר."
בִּקּוּר בְּאַקְוַרְיוּם,Visiting an Aquarium,monologue,A1,,,
מַה הִיא טוֹב־לֵבָבוּת?,What is Kindness?,psychology,A1,,,
מַה הִיא פּוֹלִיטִיקָה?,What is Politics?,politics,A1,"פּוֹלִיטִיקָה הִיא חַיִּים שֶׁל אֲנָשִׁים בְּיַחַד.
אֲנָשִׁים מַחֲלִיטִים מִי מְנַהֵל אֶת הָעִיר אוֹ אֶת הַמְּדִינָה.
בַּפּוֹלִיטִיקָה יֵשׁ דֵּעוֹת שׁוֹנוֹת, וַאֲנָשִׁים מְדַבְּרִים עַל זֶה.
פּוֹלִיטִיקָה מְדַבֶּרֶת עַל כֹּחַ, כֶּסֶף, וְחֹק.
הִיא חֶלְקָה חֲשׁוּבָה בְּחַיִּים שֶׁל כֻּלָּנוּ.","Politics is the life of people together.
People decide who manages the city or the country.
In politics there are different opinions, and people talk about it.
Politics talks about power, money, and law.
It is an important part of life for all of us.","פוליטיקה היא חיים של אנשים ביחד.
אנשים מחליטים מי מנהל את העיר או את המדינה.
בפוליטיקה יש דעות שונות, ואנשים מדברים על זה.
פוליטיקה מדברת על כח, כסף, וחק.
היא חלקה חשובה בחיים של כלנו."
מַה הוּא וַי־פַי?,What is Wi-Fi?,technology,A1,,,
מַדּוּעַ חַיּוֹת מְשַׂמְּחוֹת אוֹתָנוּ?,Why Do Animals Make Us Happy?,psychology,A1,,,
מַדּוּעַ יִשְׂרָאֵל כָּל כָּךְ חַמָּה?,Why Is Israel So Hot?,science,A1,"יִשְׂרָאֵל חַמָּה מְאֹד. הַשֶּׁמֶשׁ זוֹרַחַת בָּרוֹב הַיָּמִים. יִשְׂרָאֵל קְרוֹבָה לַמִּדְבָּר, וְלָכֵן הָאֲוִיר חַם. בַּקַּיִץ הַטֶּמְפֶּרָטוּרָה גְּבוֹהָה מְאֹד. בָּעִיר תֵּל־אָבִיב חַם וְלַח, וּבְאֵלַת חַם וְיָבֵשׁ. הָאֲנָשִׁים שׁוֹתִים מַיִם וְלוֹבְשִׁים בְּגָדִים קַלִּים כְּדֵי לְהִתְקַיֵּם בַּחֹם.","Israel is very hot. The sun shines on most days. Israel is close to the desert, and therefore the air is hot. In summer the temperature is very high. In the city of Tel Aviv it is hot and humid, and in Eilat it is hot and dry. People drink water and wear light clothes in order to manage in the heat.","ישראל חמה מאד. השמש זורחת ברוב הימים. ישראל קרובה למדבר, ולכן האויר חם. בקיץ הטמפרטורה גבוהה מאד. בעיר תל־אביב חם ולח, ובאלת חם ויבש. האנשים שותים מים ולובשים בגדים קלים כדי להתקים בחם."
מַדּוּעַ צְמָחִים צְרִיכִים אוֹר שֶׁמֶשׁ,Why Plants Need Sunlight,science,A1,,,
יוֹם בַּסִּפְרִיָּה,A Day at the Library,monologue,A2,,,
אֲרוּחַת עֶרֶב לִשְׁנַיִם,A Dinner for Two,dialogue,A2,,,
אָלְבֶּרְט אַיְנְשְׁטַיְן,Albert Einstein,biography,A2,,,
בִּינָה מְלָאכוּתִית,Artificial Intelligence,technology,A2,"הַיּוֹם כָּל אָדָם שׁוֹמֵעַ עַל בִּינָּה מְלָאכוּתִית. זֹאת טֶכְנוֹלוֹגְיָה שֶׁמַּחְשֵׁבִים וְטֶלֶפוֹנִים חֲכָמִים מִשְׁתַּמְּשִׁים בָּהּ. בִּינָּה מְלָאכוּתִית יוֹדַעַת לִלְמוֹד מִדְּבָרִים שֶׁאֲנָשִׁים כּוֹתְבִים וְאוֹמְרִים. הִיא עוֹזֶרֶת לָנוּ לְתַרְגֵּם שָׂפוֹת, לִמְצֹא מֵידָע בָּאִינְטֶרְנֵט, וּגַם לְדַבֵּר עִם הַמַּחְשֵׁב כְּמוֹ עִם חָבֵר. יֵשׁ אֲנָשִׁים שֶׁחוֹשְׁבִים שֶׁזֶּה מַפְחִיד, אֲבָל רַבִּים חוֹשְׁבִים שֶׁזֶּה מַשֶּׁהוּ טוֹב וְחָשׁוּב לָעֲתִיד.","Today everyone hears about Artificial Intelligence. It is a technology that computers and smartphones use. Artificial Intelligence can learn from things that people write and say. It helps us translate languages, find information on the internet, and also talk to the computer like a friend. Some people think it is scary, but many believe it is something good and important for the future.","היום כל אדם שומע על בינה מלאכותית. זאת טכנולוגיה שמחשבים וטלפונים חכמים משתמשים בה. בינה מלאכותית יודעת ללמוד מדברים שאנשים כותבים ואומרים. היא עוזרת לנו לתרגם שפות, למצא מידע באינטרנט, וגם לדבר עם המחשב כמו עם חבר. יש אנשים שחושבים שזה מפחיד, אבל רבים חושבים שזה משהו טוב וחשוב לעתיד."
בַּרְסֵלוֹנָה,Barcelona,travel,A2,,,
לִוְיָתָנִים כְּחוּלִים,Blue Whales,science,A2,,,
עֵצוֹת לְטִיּוּל בְּתַקְצִיב מֻגְבָּל,Budget Travel Tips,travel,A2,,,
קְנִיַּת מַזְכָּרוֹת,Buying Souvenirs,dialogue,A2,,,
מָלוֹנוֹת קַפְּסוּלָה,Capsule Hotels,travel,A2,,,
קָטָלָאנִית,Catalan,language,A2,,,
פַּארְקֵי עִיר,City Parks,travel,A2,"בָּעִיר יֵשׁ הַרְבֵּה פָּארְקִים. הַפָּארְק הוּא מָקוֹם יָפֶה וְשָׁקֵט. בַּפָּארְק יֵשׁ דֶּשֶׁא יָרֹק, עֵצִים גְּבוֹהִים וּפְרָחִים צִבְעוֹנִיִּים. אֲנָשִׁים אוֹהֲבִים לָלֶכֶת לַפָּארְק בְּשַׁבָּת וּבַחֹפֶשׁ. יֵשׁ מִשְׂחָקִים לַיְלָדִים, וְיֵשׁ סַפְסָלִים לַמְּבֻגָּרִים. פְּעָמִים אֲנָשִׁים עוֹשִׂים פִּיקְנִיק וְאוֹכְלִים יַחַד. אֲחֵרִים רוֹכְבִים עַל אוֹפַנַּיִם אוֹ הוֹלְכִים לָרוּץ. הַפָּארְק נוֹתֵן לָעִיר אֲוִיר נָקִי וּמָקוֹם לְנֻחָה.","In the city there are many parks. The park is a beautiful and quiet place. In the park there is green grass, tall trees, and colorful flowers. People like to go to the park on Shabbat and on holidays. There are games for children, and there are benches for adults. Sometimes people have a picnic and eat together. Others ride bicycles or go running. The park gives the city clean air and a place to rest.","בעיר יש הרבה פארקים. הפארק הוא מקום יפה ושקט. בפארק יש דשא ירק, עצים גבוהים ופרחים צבעוניים. אנשים אוהבים ללכת לפארק בשבת ובחפש. יש משחקים לילדים, ויש ספסלים למבגרים. פעמים אנשים עושים פיקניק ואוכלים יחד. אחרים רוכבים על אופנים או הולכים לרוץ. הפארק נותן לעיר אויר נקי ומקום לנחה."
מַאֲכָלִים מְנַחֲמִים,Comfort Food,food,A2,,,
מַצְפֵּנִים,Compasses,technology,A2,,,
סוּשִׁי עַל מְסִלַּת מוֹסָע,Conveyor Belt Sushi,food,A2,,,
קוֹרְדוֹבָה,Córdoba,travel,A2,,,
דִּינוֹזַאוּרִים,Dinosaurs,science,A2,,,
דוֹן קִישׁוֹט,Don Quixote,drama,A2,,,
חֲקִירַת יַעַר,Exploring a Forest,monologue,A2,,,
חֲקִירַת פָּארִיס,Exploring Paris,monologue,A2,,,
עִבְרִית רִשְׁמִית,Formal Hebrew,language,A2,,,
גַּסְפָּאצ’וֹ,Gazpacho,food,A2,,,
גּ’וֹרְג’ אוֹרוֶול,George Orwell,biography,A2,,,
גִּ’יפִּי אֶס,GPS,technology,A2,,,
גֶּרְנִיקָה,Guernica,culture,A2,,,
תַּרְדֵּמַת חֹרֶף,Hibernation,science,A2,,,
מַסֵּד לְקָטָלוֹנְיָה,Homage to Catalonia,history,A2,,,
אֵיךְ צְבָעִים מַשְׁפִּיעִים עַל רְגָשׁוֹת,How Colors Affect Emotions,psychology,A2,,,
אֵיךְ נוֹלָדִים כּוֹכָבִים,How Stars Are Born,science,A2,,,
תַּבְלִינִים הוֹדוּיִים,Indian Spices,food,A2,,,
רָאמֵן מָיָדִי,Instant Ramen,food,A2,"בַּסֵּמֶסְטֶר הָרִאשׁוֹן בָּאוּנִיבֶרְסִיטָה, הָיִיתִי רָעֵב מְאוֹד בְּכָל הָעֵת. לֹא הָיָה לִי הַרְבֵּה כֶּסֶף, וְלֹא יָדַעְתִּי לְבַשֵּׁל מָנוֹת מְסֻבָּכוֹת. חָבֵר שֶׁלִּי הִרְאָה לִי מַהוּ “רָמֶן” — מַרְק מְהִיר מְאֹד.

פָּתַחְתִּי אֶת הַשַּׂקִּית, שַׂמְתִּי אֶת הַאִיטְרִיּוֹת בַּסִּיר, וְיָצַקְתִּי מַיִם רוֹתְחִים. לְאַחַר כַּמָּה דַּקּוֹת הֵם הָיוּ מֻכָּנִים. הוֹסַפְתִּי אֶת הַתַּבְלִין הַקָּטָן וְטָעַמְתִּי. הָרָמֶן הָיָה חַם, מָלוּחַ וּמַשְׂבִּיעַ.

מֵאָז אֲנִי אוֹהֵב לֶאֱכוֹל רָמֶן בְּעֵת שֶׁאֲנִי עָיֵף אוֹ אֵין לִי זְמַן. זֶה לֹא מַאֲכָל בָּרִיא מְאוֹד, אֲבָל זֶה פָּשׁוּט וְזָרִיז.","In the first semester at university, I was very hungry all the time. I didn’t have much money, and I didn’t know how to cook complicated dishes. A friend of mine showed me what “ramen” is — a very quick soup.

I opened the packet, put the noodles in the pot, and poured in boiling water. After a few minutes they were ready. I added the small seasoning and tasted it. The ramen was hot, salty, and filling.

Since then I like to eat ramen when I am tired or don’t have time. It’s not a very healthy food, but it’s simple and fast.","בסמסטר הראשון באוניברסיטה, הייתי רעב מאוד בכל העת. לא היה לי הרבה כסף, ולא ידעתי לבשל מנות מסבכות. חבר שלי הראה לי מהו “רמן” — מרק מהיר מאד.

פתחתי את השקית, שמתי את האיטריות בסיר, ויצקתי מים רותחים. לאחר כמה דקות הם היו מכנים. הוספתי את התבלין הקטן וטעמתי. הרמן היה חם, מלוח ומשביע.

מאז אני אוהב לאכול רמן בעת שאני עיף או אין לי זמן. זה לא מאכל בריא מאוד, אבל זה פשוט וזריז."
תִּקְשֹׁרֶת בֵּין־גַּלַּקְטִית,Intergalactic Communication,science fiction,A2,,,
אֲרוּחַת בֹּקֶר יִשְׂרְאֵלִית,Israeli Breakfast,food,A2,,,
אֲרוּחַת עֶרֶב יִשְׂרְאֵלִית,Israeli Dinner,food,A2,,,
אֲרוּחַת צָהֳרַיִם יִשְׂרְאֵלִית,Israeli Lunch,food,A2,,,
יָנוּאָר בְּיִשְׂרָאֵל,January in Israel,culture,A2,,,
יוּנִי בְּיִשְׂרָאֵל,June in Israel,culture,A2,,,
לָדִינוֹ,Ladino,language,A2,,,
לוֹנְדוֹן,London,travel,A2,"לוֹנְדוֹן הִיא עִיר גְּדוֹלָה בְּאַנְגְּלִיָּה. בְּלוֹנְדוֹן יֵשׁ רַכֶּבֶת תַּחְתִּית, אוֹטוֹבּוּסִים אֲדוּמִּים, וְכָל יוֹם רַבִּים הוֹלְכִים לַעֲבוֹדָה. בָּעִיר יֵשׁ גַּם גַּנִּים יָפִים וְאַרְמוֹנוֹת. הַתַּיָּרִים אוֹהֲבִים לִרְאוֹת אֶת הַבִּיג בֶּן וְאֶת גֶּשֶׁר טַאוֶור. בַּקַּיִץ יֵשׁ שָׁם שֶׁמֶשׁ, אֲבָל בְּחֹרֶף יֵשׁ רֶגֶשׁ וְגֶשֶׁם רַב. לוֹנְדוֹן הִיא עִיר מְעַנְיֶינֶת וְכָל אֶחָד מוֹצֵא מַשֶּׁהוּ לַעֲשׂוֹת שָׁם.","London is a big city in England. In London there is an underground train, red buses, and every day many people go to work. The city also has beautiful gardens and palaces. Tourists like to see Big Ben and Tower Bridge. In the summer there is sun, but in the winter it is cold and there is a lot of rain. London is an interesting city, and everyone can find something to do there.","לונדון היא עיר גדולה באנגליה. בלונדון יש רכבת תחתית, אוטובוסים אדומים, וכל יום רבים הולכים לעבודה. בעיר יש גם גנים יפים וארמונות. התירים אוהבים לראות את הביג בן ואת גשר טאוור. בקיץ יש שם שמש, אבל בחרף יש רגש וגשם רב. לונדון היא עיר מעניינת וכל אחד מוצא משהו לעשות שם."
מַדְרִיד,Madrid,travel,A2,,,
מַאי בְּיִשְׂרָאֵל,May in Israel,culture,A2,,,
מִיגֵּל דֶּה סֶרְבַנְטֵס,Miguel de Cervantes,biography,A2,,,
אוֹקְטוֹבֶּר בְּיִשְׂרָאֵל,October in Israel,culture,A2,,,
פַּאבְלוֹ פִּיקַּאסוֹ,Pablo Picasso,biography,A2,,,
פַּאֶיָּה,Paella,food,A2,,,
צְפִיַּת אֲנָשִׁים בְּתַחֲנַת רַכֶּבֶת,People-Watching in a Train Station,monologue,A2,,,
פִּיצָּה,Pizza,food,A2,"בַּסּוֹף שֶׁל הַשָּׁבוּעַ אֲנִי וַחֲבֵרִים שֶׁלִּי הוֹלְכִים לֶאֱכוֹל פִּיצָה.
יֵשׁ בָּעִיר שֶׁלָּנוּ מִסְעָדָה קְטַנָּה וּמַיּוּחֶדֶת.
הַפִּיצָה שָׁם חַמָּה, רֵיחָהּ טוֹב, וְיֵשׁ לָנוּ הַרְבֵּה בְּחִירוֹת.
יֵשׁ פִּיצָה עִם גְּבִינָה וְיֵשׁ פִּיצָה עִם יְרָקוֹת.
אֲנִי אוֹהֵב לָשִׂים עַל הַפִּיצָה פִּטְרִיּוֹת וְזַיִתִים.
אַחֲרֵי הָאֹכֶל אֲנַחְנוּ יוֹשְׁבִים וּמְדַבְּרִים, זֶה תָּמִיד מְשַׂמֵּחַ אוֹתִי.","At the end of the week my friends and I go to eat pizza.
In our city there is a small and special restaurant.
The pizza there is hot, it smells good, and we have many choices.
There is pizza with cheese and pizza with vegetables.
I like to put mushrooms and olives on my pizza.
After the meal we sit and talk, and it always makes me happy.","בסוף של השבוע אני וחברים שלי הולכים לאכול פיצה.
יש בעיר שלנו מסעדה קטנה ומיוחדת.
הפיצה שם חמה, ריחה טוב, ויש לנו הרבה בחירות.
יש פיצה עם גבינה ויש פיצה עם ירקות.
אני אוהב לשים על הפיצה פטריות וזיתים.
אחרי האכל אנחנו יושבים ומדברים, זה תמיד משמח אותי."
מִפְלָגוֹת פּוֹלִיטִיּוֹת בְּיִשְׂרָאֵל,Political Parties in Israel,politics,A2,,,
הִכּוֹנוּת לִבְחִינָה,Preparing for an Exam,monologue,A2,,,
מִחְזוּר,Recycling,technology,A2,,,
הֶבְדֵּלִים אֵזוֹרִיִּים בַּסְּפָרַדִית,Regional Differences in Spanish,language,A2,,,
רוֹמָה,Rome,travel,A2,רוֹמָה הִיא עִיר יְפֵה וְעַתִּיקָה. בָּעִיר יֵשׁ רַבִּים מְקוֹמוֹת מְיֻחָדִים כְּמוֹ הַקוֹלוֹסֵיאוּם וְהַפּוֹרוּם הָרוֹמִי. בָּרְחוֹבוֹת יֵשׁ בָּתֵּי קָפֶה קְטַנִּים שֶׁבָּהֶם אֲנָשִׁים שׁוֹתִים אֶסְפְּרֶסוֹ וְאוֹכְלִים פִּיצָּה. תַּיָּרִים מִכָּל הָעוֹלָם מְבַקְּרִים בָּרוֹמָה כְּדֵי לִרְאוֹת אֶת הַאֲתָרִים וְלָלֶכֶת בְּסִימְטָאוֹת הַצְּפוּפוֹת. זֶה מָקוֹם מְעַנְיֵן לְלִמּוּד הִסְטוֹרְיָה וּלְבִילּוּי.,Rome is a beautiful and ancient city. In the city there are many special places such as the Colosseum and the Roman Forum. In the streets there are small cafés where people drink espresso and eat pizza. Tourists from all over the world visit Rome to see the sites and walk in the narrow alleys. It is an interesting place for learning history and for leisure.,רומה היא עיר יפה ועתיקה. בעיר יש רבים מקומות מיחדים כמו הקולוסיאום והפורום הרומי. ברחובות יש בתי קפה קטנים שבהם אנשים שותים אספרסו ואוכלים פיצה. תירים מכל העולם מבקרים ברומה כדי לראות את האתרים וללכת בסימטאות הצפופות. זה מקום מענין ללמוד הסטוריה ולבילוי.
סָגְרָדָה פָאמִילְיָה,Sagrada Família,culture,A2,,,
סַלְוָדוֹר דָּאלִי,Salvador Dalí,biography,A2,,,
מְכוֹנוֹת נוֹהֲגוֹת עַצְמָאִית,Self-Driving Cars,technology,A2,,,
סֵאוּל,Seoul,travel,A2,,,
סֶפְּטֶמְבֶּר בְּיִשְׂרָאֵל,September in Israel,culture,A2,,,
קְנִיַּת בְּגָדִים,Shopping for Clothes,dialogue,A2,,,
תַּעֲנוּגוֹת פְּשׁוּטִים,Simple Pleasures,monologue,A2,,,
בָּתִּים חֲכָמִים,Smart Homes,technology,A2,"בַּיִת חָכָם הוּא בַּיִת שֶׁמִּשְׁתַּמֵּשׁ בְּטֶכְנוֹלוֹגְיָה כְּדֵי לַעֲזוֹר לָאָדָם.
יֵשׁ בַּבַּיִת חָכָם אוֹרוֹת שֶׁנִּדְלָקִים וְנִכְבִּים בְּעֶזְרַת טֵלֵפוֹן נַיָּד.
יֵשׁ גַּם מַעֲרֶכֶת חוּם וְקוֹר שֶׁשּׁוֹלְטִים בָּהּ מֵהַמִּטָּה.
כָּךְ הַחַיִּים נַעֲשִׂים קַלִּים יוֹתֵר וְנֹחִים יוֹתֵר.","A smart home is a home that uses technology to help a person.
In a smart home there are lights that turn on and off with the help of a mobile phone.
There is also a heating and cooling system that can be controlled from the bed.
This way, life becomes easier and more comfortable.","בית חכם הוא בית שמשתמש בטכנולוגיה כדי לעזור לאדם.
יש בבית חכם אורות שנדלקים ונכבים בעזרת טלפון ניד.
יש גם מערכת חום וקור ששולטים בה מהמטה.
כך החיים נעשים קלים יותר ונחים יותר."
אֶנֶרְגִּיָּה שִׁמְשִׁית בְּסְפָרַד,Solar Power in Spain,technology,A2,,,
אוֹכֶל רְחוֹב,Street Food,food,A2,,,
סִימְלוּת בַּחֲפָצִים יוֹמְיוּמִיִּים,Symbolism in Everyday Objects,drama,A2,,,
טַפָּס,Tapas,food,A2,,,
הַבִּיטְלְס,The Beatles,culture,A2,,,
הַקָּנְיוֹן הַגָּדוֹל,The Grand Canyon,travel,A2,,,
חוֹמַת סִין הַגְּדוֹלָה,The Great Wall of China,travel,A2,,,
הָאַרְנָק הָאָבוּד,The Lost Wallet,dialogue,A2,,,
הַדִּיֵּיטָה הַיָּם־תִּיכוֹנִית,The Mediterranean Diet,health,A2,,,
הָעִיר הָעַתִּיקָה שֶׁל יְרוּשָׁלַיִם,The Old City of Jerusalem,travel,A2,,,
הַדּוֹאַר,The Post Office,dialogue,A2,,,
הַמִּסְעָדָה,The Restaurant,dialogue,A2,,,
תַּפְקִיד הַמַּזָּל בַּהִסְטוֹרְיָה,The Role of Luck in History,history,A2,,,
הַזּוֹמְבִּי,The Zombie,horror,A2,,,
לְנַסֵּעַ לְבַד בְּיִשְׂרָאֵל,Traveling Alone in Israel,monologue,A2,,,
אוּטוֹפְּיוֹת וְדִיסְטוֹפְּיוֹת,Utopias and Dystopias,drama,A2,,,
הָרִים פּוֹעֲלִים,Volcanoes,science,A2,,,
תָּכְנִיּוֹת לַסּוֹף שָׁבוּעַ,Weekend Plans,dialogue,A2,,,
מַדּוּעַ הַשָּׁמַיִם כְּחוּלִים,Why the Sky is Blue,science,A2,,,
מַדּוּעַ אָנוּ חוֹלְמִים,Why We Dream,psychology,A2,,,
אִידִישׁ,Yiddish,language,A2,"הַשָּׂפָה יִידִישׁ הִיא שָׂפָה שֶׁהָיוּ מְדַבְּרִים בָּהּ יְהוּדִים בְּאֵירוֹפָּה. יִידִישׁ מְעֻרֶבֶת מֵעִבְרִית, מִגֶרְמָנִית וּמִשָּׂפוֹת אַחֵרוֹת. בַּמֵּאָה הַעֶשְׂרִים וְאַחַת, פָּחוֹת אֲנָשִׁים מְדַבְּרִים בַּשָּׂפָה, אֲבָל עֲדַיִן יֵשׁ קְהִלּוֹת שֶׁשּׁוֹמְרוֹת אוֹתָהּ.

בְּיִשְׂרָאֵל יֵשׁ יְהוּדִים חֲסִידִים הַמְדַבְּרִים בְּיוֹם־יוֹם יִידִישׁ, וְיֵשׁ גַּם סִפְרוּת וְתַאֲטְרוֹן בַּשָּׂפָה הַזֹּאת. אֲנָשִׁים שֶׁלוֹמְדִים יִידִישׁ מְרַגִּישִׁים קֶשֶׁר לְהִסְטוֹרְיָה וְלַתַּרְבּוּת שֶׁל הָעָם הַיְּהוּדִי.","The Yiddish language is a language that Jews in Europe used to speak. Yiddish is mixed from Hebrew, German, and other languages. In the 21st century, fewer people speak the language, but there are still communities that keep it alive. In Israel there are Hasidic Jews who speak Yiddish every day, and there is also literature and theater in this language. People who learn Yiddish feel a connection to the history and culture of the Jewish people.","השפה יידיש היא שפה שהיו מדברים בה יהודים באירופה. יידיש מערבת מעברית, מגרמנית ומשפות אחרות. במאה העשרים ואחת, פחות אנשים מדברים בשפה, אבל עדין יש קהלות ששומרות אותה.

בישראל יש יהודים חסידים המדברים ביום־יום יידיש, ויש גם ספרות ותאטרון בשפה הזאת. אנשים שלומדים יידיש מרגישים קשר להסטוריה ולתרבות של העם היהודי."
שִׁיר שֶׁל קֶרַח וְאֵשׁ,A Song of Ice and Fire,fantasy,B1,,,
חֲצִי הַחַיָּה,Animal Crossing,culture,B1,,,
נֶגֶד־גִּבּוֹרִים,Antiheroes,drama,B1,,,
אַפְּרִיל בְּיִשְׂרָאֵל,April in Israel,culture,B1,,,
הַרְגֵּלִים אַטּוֹמִיִּים,Atomic Habits,psychology,B1,,,
אוֹגוּסְט בְּיִשְׂרָאֵל,August in Israel,culture,B1,,,
בֶּרְלִין,Berlin,travel,B1,,,
בַּיוֹהַקִּינְג,Biohacking,health,B1,,,
בַּעֲלֵי חַיִּים זוֹהֲרִים,Bioluminescent Animals,science,B1,,,
תֵּאוֹרְיָה שֶׁל סֵדֶר לֵדָה,Birth Order Theory,psychology,B1,,,
אֵזוֹרוֹת כְּחֻלִּים,Blue Zones,health,B1,,,
בּוּדִּיזְם,Buddhism,philosophy,B1,,,
שְׁחִיקוֹת לָשׁוֹן,Clichés,drama,B1,,,
שִׁנּוּי אָקְלִים,Climate Change,science,B1,,,
לְהִתְלוֹנֵן עַל שֵׁרוּת,Complaining About a Service,dialogue,B1,,,
וִדּוּיֵי עַפִּיר מְשֻׁעֲמָם,Confessions of a Bored Vampire,monologue,B1,,,
בִּישּׁוּל בְּמִטְבָּח הוֹסְטֵל,Cooking in a Hostel Kitchen,monologue,B1,,,
שָׂפוֹת מֵתוֹת,Dead Languages,language,B1,,,
דֵּצֶמְבֶּר בְּיִשְׂרָאֵל,December in Israel,culture,B1,,,
דֵּמוֹקְרָטְיָה בְּאַתּוּנָה הָעַתִּיקָה,Democracy in Ancient Athens,history,B1,,,
דִּיטוֹקְס דִּיגִיטָלִי,Digital Detoxes,health,B1,,,
בִּיוּת,Domestication,science,B1,,,
דְּרָקוּלָה,Dracula,horror,B1,,,
פֶבְּרוּאָר בְּיִשְׂרָאֵל,February in Israel,culture,B1,,,
שִׁלּוּב טְעָמִים,Flavor Pairing,food,B1,,,
פְרַנְקֶנְשְׁטַיְן,Frankenstein,horror,B1,,,
פִּטְרִיּוֹת,Fungi,science,B1,,,
עִצּוּב מִשְׂחָקִים,Game Design,technology,B1,,,
לְהִתְמוֹדֵד עִם מַחֲלוֹקֶת,Handling a Disagreement,dialogue,B1,,,
חַנָּה אַרֶנְדְט,Hannah Arendt,biography,B1,,,
תְּסמוֹנֶת הַמַּזִּיף,Impostor Syndrome,psychology,B1,,,
הַצָּגָה עַצְמִית,Introducing Myself,monologue,B1,,,
יוּלַי בְּיִשְׂרָאֵל,July in Israel,culture,B1,,,
לִמּוּד שָׂפָה חֲדָשָׁה,Learning a New Language,monologue,B1,,,
לִימוּנָלִיּוּת,Liminality,drama,B1,,,
מוֹטוֹת קֶסֶם,Magic Wands,fantasy,B1,,,
לְהִתְחַבֵּר עִם חֲבֵרִים בְּמַסָּע,Making Friends While Traveling,travel,B1,,,
מַרְס בְּיִשְׂרָאֵל,March in Israel,culture,B1,,,
מִינִימָלִיזְם,Minimalism,philosophy,B1,,,
נִינְטֶנְדוֹ,Nintendo,culture,B1,,,
נוֹבֶמְבֶּר בְּיִשְׂרָאֵל,November in Israel,culture,B1,"בְּיִשְׂרָאֵל חֹדֶשׁ נוֹבֶמְבֶּר הוּא זְמַן מְיֻחָד. הַקַּיִץ הֶחָם כְּבָר נִגְמָר, וְהַסְּתָו מַבִיא עִמּוֹ מֶזֶג אֲוִיר נָעִים יוֹתֵר. בָּרֹב הַיָּמִים יֵשׁ עוֹד שֶׁמֶשׁ וְחֹם בָּעֲצָרַיִם, אֲבָל הַבֹּקֶר וְהָעֶרֶב קְרוּרִים יוֹתֵר.

בְּחֹדֶשׁ זֶה הַטֶּבַע מִתְחִיל לְהִשְׁתַּנּוֹת. הָעֵצִים מַפְסִיקִים לִפְרֹחַ, וְיֵשׁ יָמִים שֶׁיּוֹרֵד גֶּשֶׁם רִאשׁוֹן. בְּתוֹךְ הֶעָרִים הָאֲנָשִׁים מַתְחִילִים לִלְבֹּשׁ מְעִילִים דַּקִּים, וּבְצָפוֹן הָאָרֶץ אֲפִלּוּ מַרְגִּישִׁים חֹרֶף קָרוֹב.

נוֹבֶמְבֶּר הוּא גַּם זְמַן טוֹב לְטַיֵּל בָּאֲרֶץ. הַשְּׁבִילִים בַּהֲרֵי כַּרְמֶל אוֹ בַּגָּלִיל נְעִימִים לַהֲלִיכָה, כִּי לֹא חַם מְדַי וְלֹא קָר מְדַי. אֲנָשִׁים רַבִּים אוֹהֲבִים לָצֵאת לְטִיּוּלֵי שַׁבָּת וּלְהַרְגִּישׁ אֶת הָאֲוִיר הַצָּחוּר.

בִּקְצָרָה, נוֹבֶמְבֶּר בְּיִשְׂרָאֵל הוּא חֹדֶשׁ שֶׁמְּחַבֵּר בֵּין הַקַּיִץ לַחֹרֶף, וּמֵבִיא עִמּוֹ שִׁנּוּי רָגִיעַ וּמְנַחֵם.","In Israel, the month of November is a special time. The hot summer is already over, and autumn brings with it more pleasant weather. Most days there is still sun and warmth at noon, but the mornings and evenings are cooler. In this month, nature begins to change. The trees stop blooming, and on some days the first rains fall. In the cities, people start wearing light coats, and in the north of the country, you can even feel that winter is near. November is also a good time to travel around the country. The trails in the Carmel Mountains or in the Galilee are pleasant for hiking, because it’s not too hot and not too cold. Many people like to go on Saturday trips and enjoy the fresh air. In short, November in Israel is a month that connects summer to winter and brings with it a calm and comforting change.","בישראל חדש נובמבר הוא זמן מיחד. הקיץ החם כבר נגמר, והסתו מביא עמו מזג אויר נעים יותר. ברב הימים יש עוד שמש וחם בעצרים, אבל הבקר והערב קרורים יותר.

בחדש זה הטבע מתחיל להשתנות. העצים מפסיקים לפרח, ויש ימים שיורד גשם ראשון. בתוך הערים האנשים מתחילים ללבש מעילים דקים, ובצפון הארץ אפלו מרגישים חרף קרוב.

נובמבר הוא גם זמן טוב לטיל בארץ. השבילים בהרי כרמל או בגליל נעימים להליכה, כי לא חם מדי ולא קר מדי. אנשים רבים אוהבים לצאת לטיולי שבת ולהרגיש את האויר הצחור.

בקצרה, נובמבר בישראל הוא חדש שמחבר בין הקיץ לחרף, ומביא עמו שנוי רגיע ומנחם."
אוֹסְלוֹ,Oslo,travel,B1,,,
תִּכְנוּן יוֹם שֶׁל הַרְפַּתְקָאוֹת,Planning a Day of Adventure,monologue,B1,,,
מִפְתְּחֵי תְּחְבּוּרָה צִבּוּרִית,Public Transit Maps,travel,B1,,,
חֲרָטָה,Regret,psychology,B1,,,
מַעֲבָרִים סוֹדִיִּים,Secret Passageways,fantasy,B1,,,
עָרִים חָכָמוֹת,Smart Cities,technology,B1,,,
חֲרָדָה חֶבְרָתִית,Social Anxiety,psychology,B1,,,
סְטוֹאִיצִיזְם,Stoicism,philosophy,B1,,,
סִפּוּרִים בְּתוֹךְ סִפּוּרִים,Stories Within Stories,drama,B1,,,
סוּפֶּרְפוּדְס,Superfoods,health,B1,,,
דַּיָּג בַּר־קַיָּמָה,Sustainable Seafood,food,B1,,,
לִמּוּד מִשְׁמָשִׁי,Tactile Learning,psychology,B1,,,
בְּדִיקַת הַצְּ’ק־אִין בַּשָּׂדֶה,The Airport Check-In,dialogue,B1,,,
יְסוֹדוֹת הַתִּכְנוּת,The Basics of Coding,technology,B1,,,
חוֹמַת בֶּרְלִין,The Berlin Wall,history,B1,,,
תֵּאוֹרְיַת הַמַּפָּץ הַגָּדוֹל,The Big Bang Theory,science,B1,,,
חִלּוּף מַטְבֵּעַ,The Currency Exchange,dialogue,B1,,,
תּוֹפַעַת דָּנִינְג־קְרוּגֶר,The Dunning–Kruger Effect,psychology,B1,,,
מַסָּע הַגִּבּוֹר,The Hero’s Journey,fantasy,B1,,,
הִסְטוֹרְיַת הַמַּפּוֹת,The History of Maps,history,B1,,,
הַמַּהְפֵּכָה הַתַּעֲשִׂיָּתִית,The Industrial Revolution,history,B1,,,
פְּסִיכוֹלוֹגְיָה שֶׁל הָאֹשֶׁר,The Psychology of Happiness,psychology,B1,,,
הָרֶנֵסַנְס,The Renaissance,history,B1,,,
הָאֵנֶרְגִּיָּה הַסּוֹדִית שֶׁל צְמָחִים,The Secret Energy of Plants,science,B1,,,
הַנִּצּוֹץ,The Shining,horror,B1,,,
הַבְּחִירוֹת הַקְּטַנּוֹת שֶׁמְּעַצְּבוֹת אוֹתָנוּ,The Small Choices That Shape Us,dialogue,B1,,,
הָאִינְקְוִיזִיצְיָה הַסְּפָרַדִּית,The Spanish Inquisition,history,B1,,,
בְּעָיַת שְׁלוֹשַׁת הַגּוּפִים,The Three-Body Problem,science fiction,B1,,,
תָּכְנִית טְרוּמָן,The Truman Show,drama,B1,,,
הַקּוֹסֵם מֵעוֹז,The Wizard of Oz,fantasy,B1,,,
בָּתֵּי מִינִי,Tiny Homes,culture,B1,,,
פְּגָמִים טְרַגִּיִּים בַּסִּפְרוּת,Tragic Flaws in Literature,drama,B1,,,
טְרוֹפִּים,Tropes,drama,B1,,,
בַּרִיתוֹת מוּזָרוֹת בַּהִסְטוֹרְיָה,Unlikely Alliances in History,history,B1,,,
אֹפֶן תְּחְבּוּרָה חֲרִיגִים,Unusual Modes of Transportation,travel,B1,,,
חִסּוּנִים,Vaccines,health,B1,,,
וִירוּסִים,Viruses,science,B1,,,
"ווִיקֶד, חֵלֶק רִאשׁוֹן","Wicked, Part I",fantasy,B1,,,
"ווִיקֶד, חֵלֶק שֵׁנִי","Wicked, Part II",fantasy,B1,,,
מַעֲרָכוֹת כְּתִיבָה,Writing Systems,language,B1,,,
בִּינָה מְלָאכוּתִית וּרְפוּאָה,AI and Medicine,technology,B2,,,
הִיסְטוֹרְיָה חֲלוּפִית,Alternate History,fantasy,B2,,,
רוֹמָה עַתִּיקָה,Ancient Rome,history,B2,,,
זְכוּיוֹת בַּעֲלֵי חַיִּים,Animal Rights,philosophy,B2,,,
בִּינָה מְלָאכוּתִית בַּסִּפְרוּת,Artificial Intelligence in Fiction,science fiction,B2,,,
אַתֵּאִיזְם,Atheism,philosophy,B2,,,
חוֹרִים שְׁחוֹרִים,Black Holes,science,B2,,,
שְׂרֵיפַת סְפָרִים,Book Burnings,history,B2,,,
חֲבָרוֹת בְּלִי מַזּוֹמָן,Cashless Societies,technology,B2,,,
נַצְרוּת,Christianity,philosophy,B2,,,
קְצָבִים צִרְקָדִּיִּים,Circadian Rhythms,health,B2,,,
הֲטָיּוֹת קוֹגְנִיטִיבִיּוֹת,Cognitive Biases,psychology,B2,,,
תֵּאוֹרְיוֹת קְשִׁירָה,Conspiracy Theories,psychology,B2,,,
תַּשְׁוִית לְעוּמַּת כִּמְיוֹן,Craving Versus Longing,psychology,B2,,,
סַיְיבֶּרְפַּאנְק,Cyberpunk,science fiction,B2,,,
נוֹמָדִים דִּיגִיטָלִיִּים,Digital Nomads,culture,B2,,,
חֲלוֹמוֹת כְּכְלֵי סִפּוּר,Dreams as a Narrative Devices,drama,B2,,,
דּוּאַלִיּוֹת בַּדְּמוּיוֹת,Dualities in Characters,drama,B2,,,
שֶׁמֶשׁ נִצְחִית שֶׁל מַחַר נִקִּי,Eternal Sunshine of the Spotless Mind,drama,B2,,,
צִרְכָנוּת אֶתוֹפִּית,Ethical Consumerism,philosophy,B2,,,
כּוֹכְבֵי־לֶכֶת חִיצוֹנִיִּים,Exoplanets,science,B2,,,
חֲקִירַת בַּיִת רָדוּף,Exploring a Haunted House,horror,B2,,,
פֵּמִינִיזְם,Feminism,politics,B2,,,
סְפָרַד הַפְּרַנְקוֹאִיסְטִית,Francoist Spain,history,B2,,,
פְרִידְרִיךְ נִיטְשֶׁה,Friedrich Nietzsche,biography,B2,,,
אִיקוֹנוֹת גֵּיאִים,Gay Icons,culture,B2,,,
הוֹמוֹ דֵאוּס,Homo Deus,history,B2,,,
אִסְלָאם,Islam,philosophy,B2,,,
יְהוּדּוּת,Judaism,philosophy,B2,,,
לִיבֵּרָלִיזְם,Liberalism,politics,B2,,,
אָבוּד בֶּחָלָל,Lost in Space,science fiction,B2,,,
אָבוּד בַּתִּרְגּוּם,Lost in Translation,drama,B2,,,
רַכֶּבֶת מְרַחֶפֶת,Maglev Trains,technology,B2,,,
הִתְבּוֹנְנוּת,Meditation,psychology,B2,,,
בְּרִיאוּת נַפְשִׁית,Mental Health,health,B2,,,
מְסוֹפּוֹטַמְיָה,Mesopotamia,history,B2,,,
דִּינָמִיקָה שֶׁל הָמוֹן,Mob Mentalities,psychology,B2,,,
דִּיקְטָטוּרוֹת מוֹדֶרְנִיּוֹת,Modern Dictatorships,politics,B2,,,
תַּעֲמוּלָה מוֹדֶרְנִית,Modern Propaganda,politics,B2,,,
רִבּוּי מְשִׁימוֹת,Multitasking,psychology,B2,,,
נָטָאלִי וִין,Natalie Wynn,philosophy,B2,,,
נֵירוֹדַּיְיבֶרְסִיטִי,Neurodiversity,psychology,B2,,,
אַלֶף תְּשַׁע מֵאוֹת שְׁמוֹנִים וְאַרְבַּע,Nineteen Eighty-Four,drama,B2,,,
לְהִתְגַּבֵּר עַל מַחְסוֹם שָׂפָה,Overcoming a Language Barrier,monologue,B2,,,
תְּכוּנוֹת אִישִׁיּוּת,Personality Traits,psychology,B2,,,
פוֹנִיקְסִים,Phoenixes,fantasy,B2,,,
דְּחִיָּה,Procrastination,psychology,B2,,,
חַיִּים קְוִיאֶרִים בְּיִשְׂרָאֵל,Queer Life in Israel,culture,B2,,,
סַפִּיֶּנְס,Sapiens,history,B2,,,
עִצּוּב סְקַנְדִּינָבִי,Scandinavian Design,culture,B2,,,
סְמַרְטְפוֹנִים,Smartphones,technology,B2,,,
רֶשֶׁת חֶבְרָתִית,Social Media,technology,B2,,,
מַסָּע הָאֱמֶת שֶׁל סוֹקְרָטֵס,Socrates' Quest for Truth,philosophy,B2,,,
יַחֲסֵי סְפָרַד–אַרְצוֹת הַבְּרִית,Spanish–United States Relations,history,B2,,,
מַאֲכָלִים עִקָּרִיִּים,Staple Foods,food,B2,,,
טֶרָפוֹרְמִינְג מַאֲרִס,Terraforming Mars,science fiction,B2,,,
מָשָׁל הַמְּעָרָה,The Allegory of the Cave,philosophy,B2,,,
הַקֶּסֶם שֶׁל מְקוֹמוֹת נִסְתָּרִים,The Allure of Hidden Places,psychology,B2,,,
הַבִּקְתָּה בַּחֹשֶׁךְ,The Cabin in the Dark,horror,B2,,,
הָעִיר בָּעֵצִים,The City in the Trees,fantasy,B2,,,
הַמִּלְחָמָה הַקָּרוֹה,The Cold War,history,B2,"הַמִּלְחָמָה הַקָּרוֹה הָיְתָה תְּקוּפָה מְיֻחֶדֶת בְּהִסְטוֹרְיָה הָעוֹלָמִית, שֶׁנִּמְשְׁכָה מִסּוֹף מִלְחֶמֶת הָעוֹלָם הַשְּׁנִיָּה עַד סוֹף הַשְּׁמוֹנִים. זֹאת לֹא הָיְתָה מִלְחָמָה יְשִׁירָה בֵּין הַמַּעֲרָב, שֶׁבְּרֹאשׁוֹ עָמְדוּ אַרְצוֹת הַבְּרִית, וּבֵין הַמִּזְרָח, שֶׁנִּהֵגָה עַל־יְדֵי הַבִּרִית הַמּוֹעֲצוֹת. הַסִּכְסוּךְ הִתְבַּטֵּא בַּמִּרְוָצִים כְּגוֹן מִרְוַץ הַחֲלָל, מִרְוַץ הַנֶּשֶׁק הַגַּרְעִינִי, וּבִמְלָחָמוֹת עֲקִיפוֹת בְּמְדִינוֹת שׁוֹנוֹת.

בְּתוֹךְ הַמִּלְחָמָה הַקָּרוֹה נִבְנָה חוֹמַת בֶּרְלִין, שֶׁחִלְּקָה אֶת הָעִיר בֵּין מַעֲרָב לְמִזְרָח וְנַעֲשְׂתָה לְסֵמֶל הַפִּלּוּג. אַף שֶׁלֹּא הָיוּ קְרָבוֹת רִשְׁמִיִּים בֵּין הַמַּעֲצוֹמוֹת, הָיְתָה מַתָּחַת גְּדוֹלָה וְפַחַד מִפְּנֵי מִלְחָמָה גַּרְעִינִית. הַמִּלְחָמָה הַקָּרוֹה נִגְמְרָה בִּנְפִילַת הַחוֹמָה וּבְהִתְמוֹטְטוּת הַבִּרִית הַמּוֹעֲצוֹת.

הַתְּקוּפָה הַזֹּאת מַרְאֶה לָנוּ אֵיךְ רַעְיוֹנוֹת פּוֹלִיטִיִּים וְכֹחוֹת כְּלוֹמִיִּים יְכוֹלִים לִשְׁלוֹט עַל הָעוֹלָם כִּמְעַט חֲצִי מֵאָה שָׁנָה, גַּם בְּלִי קְרָב יָשִׁיר.","The Cold War was a unique period in world history, lasting from the end of the Second World War until the late 1980s. It was not a direct war between the West, led by the United States, and the East, led by the Soviet Union. The conflict expressed itself in races such as the space race, the nuclear arms race, and in proxy wars in different countries. During the Cold War, the Berlin Wall was built, dividing the city between West and East and becoming a symbol of separation. Even though there were no official battles between the superpowers, there was great tension and fear of nuclear war. The Cold War ended with the fall of the wall and the collapse of the Soviet Union. This period shows us how political ideas and global powers can dominate the world for almost half a century, even without a direct battle.","המלחמה הקרוה היתה תקופה מיחדת בהסטוריה העולמית, שנמשכה מסוף מלחמת העולם השניה עד סוף השמונים. זאת לא היתה מלחמה ישירה בין המערב, שבראשו עמדו ארצות הברית, ובין המזרח, שנהגה על־ידי הברית המועצות. הסכסוך התבטא במרוצים כגון מרוץ החלל, מרוץ הנשק הגרעיני, ובמלחמות עקיפות במדינות שונות.

בתוך המלחמה הקרוה נבנה חומת ברלין, שחלקה את העיר בין מערב למזרח ונעשתה לסמל הפלוג. אף שלא היו קרבות רשמיים בין המעצומות, היתה מתחת גדולה ופחד מפני מלחמה גרעינית. המלחמה הקרוה נגמרה בנפילת החומה ובהתמוטטות הברית המועצות.

התקופה הזאת מראה לנו איך רעיונות פוליטיים וכחות כלומיים יכולים לשלוט על העולם כמעט חצי מאה שנה, גם בלי קרב ישיר."
מַשְׁבֵּר הַגַּבְרוּת,The Crisis of Masculinity,culture,B2,,,
פַּחַד מִלִּהְיוֹת מֻחְמָץ,The Fear of Missing Out,psychology,B2,,,
חַיֵּי אֲחֵרִים,The Lives of Others,drama,B2,,,
מְדִינַת הָאוּמָּה,The Nation-State,politics,B2,,,
אֱלֹהֵי הַצָּפוֹן,The Norse Gods,fantasy,B2,,,
תּוֹפַעַת הַפְּלַסֵּיבּוֹ,The Placebo Effect,psychology,B2,,,
פְּסִיכוֹלוֹגְיָה שֶׁל בְּדִידוּת,The Psychology of Loneliness,psychology,B2,,,
הָעוֹרֵב,The Raven,horror,B2,,,
תַּפְקִיד הַנְּסִיעוֹת בְּגִלּוּי עַצְמִי,The Role of Travel in Self-Discovery,travel,B2,,,
מֵרוֹץ הַחָלָל,The Space Race,history,B2,,,
הַמִּלְחָמָה הָאֶזְרָחִית הַסְּפָרַדִּית,The Spanish Civil War,history,B2,,,
הַאִימְפֶּרְיָה הַסְּפָרַדִּית,The Spanish Empire,history,B2,,,
תֵּאוֹרְיַת הָאַבּוֹלוּצְיָה,The Theory of Evolution,science,B2,,,
עֵמֶק הַמַּבְכִּיר,The Uncanny Valley,psychology,B2,,,
הָאֻמּוֹת הַמְּאוּחָדוֹת,The United Nations,politics,B2,,,
טוֹקְיוֹ,Tokyo,travel,B2,,,
בִּישּׁוּל צִמְחוֹנִי,Vegetarian Cooking,food,B2,,,
מָהוּ יֹפִי?,What is Beauty?,philosophy,B2,,,
לָמָּה אֲנִי אוֹסֵף מַפּוֹת,Why I Collect Maps,monologue,B2,,,
מִלְחֶמֶת הָעוֹלָם הָרִאשׁוֹנָה,World War I,history,B2,,,
מִלְחֶמֶת הָעוֹלָם הַשְּׁנִיָּה,World War II,history,B2,,,
בְּנִיַּת עוֹלָם,World-Building,fantasy,B2,,,
זֶן בּוּדִּיזְם,Zen Buddhism,philosophy,B2,,,
אָלֶן וַאטְס,Alan Watts,biography,C,,,
אוֹיֵב הָעָם,An Enemy of the People,drama,C,,,
פּוֹפּוּלִיזְם סַמְכוּתָנִי,Authoritarian Populism,politics,C,,,
לְהִתְעַדְכֵּן אַחֲרֵי שָׁנִים נִפְרָדוֹת,Catching Up After Years Apart,dialogue,C,,,
קוֹלוֹנִיָאלִיזְם,Colonialism,history,C,,,
מָוֶת בַּפִּילוֹסוֹפְיָה,Death in Philosophy,philosophy,C,,,
קִנְאָה,Envy,psychology,C,,,
אֶקְזִיסְטֶנְצִיאָלִיזְם,Existentialism,philosophy,C,,,
פַּאשִׁיזְם,Fascism,politics,C,,,
מַאֲכָלִים מֻתְסָסִים,Fermented Foods,food,C,,,
רָצוֹן חָפְשִׁי,Free Will,philosophy,C,,,
תֵּאוֹרְיַת פֶּרַס הַפֶּרְסָה,Horseshoe Theory,politics,C,,,
זֶהוּת,Identity,psychology,C,,,
אִי־קִיּוּם,Impermanence,philosophy,C,,,
מַרְקְסִיזְם,Marxism,politics,C,,,
אַיִן,Nothingness,philosophy,C,,,
פֵּיר גִּינְט,Peer Gynt,drama,C,,,
סָטִירָה פּוֹלִיטִית,Political Satire,politics,C,,,
זִיגְמוּנְד פְּרוֹיְד,Sigmund Freud,biography,C,,,
מְדִינוֹת רְוָוחָה,Social Welfare States,politics,C,"הַרְעָיוֹן שֶׁל מְדִינוֹת רְוָוחָה מְעוֹרֵר וִכּוּחַ עָמֹק בְּתוֹךְ הַפִּילוֹסוֹפְיָה הַפּוֹלִיטִית וְהַכַּלְכָּלָה הַחֶבְרָתִית. מְדִינַת רְוָוחָה מְגֻדֶּרֶת כְּזֹאת הַמַּקְצָאָה מִקּוֹרָה רַבִּים לְהַבְטִיחַ רֶשֶׁת בִּטָּחוֹן לָאֶזְרָחִים: קִצְבָּאוֹת לְחֹלִים וּלְמֻבְטָלִים, תִּמְכוּךְ בַּחִנּוּךְ וּבִשְׁרוּתֵי בְּרִיאוּת, וּמַעֲרָכוֹת מִס שֶׁמְּשַׁמְּשׁוֹת כְּכְלֵי חֲלוּקָה מְחֻדָּשִׁים שֶׁל הַעֲשָׁרָה לְעוּמַּת עֲנִיּוּת.

מִתְנַגְּדֵי הַמְּדִינָה הַסּוֹצְיָאל־דֵּמוֹקְרָטִית טוֹעֲנִים כִּי הִיא מְעוֹדֶדֶת תְּלוּת וּמְצַמְצֶמֶת אֶת הַדַּחַף לַחֲדָשָׁנוּת וְלִיְזָמוּת פְּרָטִית. מִנֶּגֶד, תּוֹמְכִים מַדְגִּישִׁים שֶׁהַמַּעֲרֶכֶת מְבַטֵּאת אַחֲרָיוּת חֶבְרָתִית וּמוֹנַעַת מִן הַחֶבְרָה לְהִתְפָּרֵק לִמְעוֹרָבוֹת שֶׁל מְעוֹטִים חֲסֵרֵי כֹּל מוּל אֲצֻלָּה מִעוּטִית שֶׁל עֲשִׁירִים.

בְּיִשְׂרָאֵל, לְמָשָׁל, נִצְפָּה דֶּגֶם הִיבְּרִידִי: מְעָרָכוֹת רְוָוחָה מוּסְדוֹת כְּמוֹ בִּטּוּחַ לְאֻמִּי וּמַעֲרֶכֶת בְּרִיאוּת צִבּוּרִית, אֲבָל גַּם מִידָּה גְּדוֹלָה שֶׁל תְּלוּת בְּתוֹרָמוֹת פְּרָטִיּוֹת וּבְשׁוּק חָפְשִׁי. הַדִּיאֲלֶקְטִיקָה הַזֹּאת מַעֲמִידָה בַּחֲזִית שְׁאֵלוֹת נוֹקוֹבוֹת עַל מָהוּת הַחֶבְרָה הַמּוֹדֶרְנִית: עַד אֵיזֶה גְּבוּל הַמְּדִינָה חַיֶּבֶת לָשֵׂאת בְּאַחֲרָיוּת, וּמָה חָל עַל כָּל אֶחָד מֵאִתָּנוּ כְּיָחִיד?

הַדִּיוּן עַל מְדִינוֹת רְוָוחָה מַרְאָה לֹא רַק עַל מַעֲרָכוֹת כַּלְכָּלִיּוֹת, אֶלָּא גַּם עַל אֵידֵאוֹלוֹגְיָה עֲמוּקָה: הַאִם אֲנַחְנוּ מְחֻיָּבִים לְחֶבְרָה שֶׁכֻּלָּהּ עוֹזֶרֶת לַחֲלוּשִׁים, אוֹ שֶׁהַדֶּגֶם הָרָאוּי הוּא חֵרוּת מְרַבִּית, גַּם בִּמְחִיר הַזְנָחָה שֶׁל הַפָּחוֹת מֻצְלָחִים?","The idea of welfare states sparks a deep debate within political philosophy and social economics. A welfare state is defined as one that allocates many resources to guarantee a safety net for its citizens: allowances for the sick and unemployed, support in education and healthcare, and tax systems that serve as redistributive tools balancing wealth and poverty.

Opponents of the social-democratic state argue that it encourages dependency and diminishes the drive for innovation and private initiative. Conversely, supporters emphasize that the system expresses social responsibility and prevents society from collapsing into extremes of powerless minorities facing a small elite of the wealthy.

In Israel, for example, a hybrid model is observed: established welfare systems such as National Insurance and a public healthcare system, but also a significant reliance on private donations and the free market. This dialectic places at the forefront pressing questions about the essence of modern society: to what extent must the state bear responsibility, and what rests upon each of us as individuals?

The discussion about welfare states reflects not only economic structures, but also a profound ideology: are we committed to a society that wholly supports the vulnerable, or is the preferable model one of maximal freedom, even at the cost of neglecting the less successful?","הרעיון של מדינות רווחה מעורר וכוח עמק בתוך הפילוסופיה הפוליטית והכלכלה החברתית. מדינת רווחה מגדרת כזאת המקצאה מקורה רבים להבטיח רשת בטחון לאזרחים: קצבאות לחלים ולמבטלים, תמכוך בחנוך ובשרותי בריאות, ומערכות מס שמשמשות ככלי חלוקה מחדשים של העשרה לעומת עניות.

מתנגדי המדינה הסוציאל־דמוקרטית טוענים כי היא מעודדת תלות ומצמצמת את הדחף לחדשנות וליזמות פרטית. מנגד, תומכים מדגישים שהמערכת מבטאת אחריות חברתית ומונעת מן החברה להתפרק למעורבות של מעוטים חסרי כל מול אצלה מעוטית של עשירים.

בישראל, למשל, נצפה דגם היברידי: מערכות רווחה מוסדות כמו בטוח לאמי ומערכת בריאות צבורית, אבל גם מידה גדולה של תלות בתורמות פרטיות ובשוק חפשי. הדיאלקטיקה הזאת מעמידה בחזית שאלות נוקובות על מהות החברה המודרנית: עד איזה גבול המדינה חיבת לשאת באחריות, ומה חל על כל אחד מאתנו כיחיד?

הדיון על מדינות רווחה מראה לא רק על מערכות כלכליות, אלא גם על אידאולוגיה עמוקה: האם אנחנו מחיבים לחברה שכלה עוזרת לחלושים, או שהדגם הראוי הוא חרות מרבית, גם במחיר הזנחה של הפחות מצלחים?"
פִּילוֹסוֹפְיָה סוֹקְרָטִית,Socratic Philosophy,philosophy,C,,,
"סִינֶקְדוֹכֵּה, נְיוּ־יוֹרְק","Synecdoche, New York",psychology,C,,,
הַבָּנוֹאלִיּוּת שֶׁל הָרָע,The Banality of Evil,philosophy,C,,,
הַחֻקָּה שֶׁל סְפָרַד,The Constitution of Spain,politics,C,,,
הַחַיִּים הַטּוֹבִים,The Good Life,philosophy,C,,,
הִסְטוֹרְיַת הַדִּיסְאִינְפוֹרְמַצְיָה,The History of Disinformation,history,C,,,
הַקַּפְקָאִי,The Kafkaesque,drama,C,,,
אַגַּדַּת זֶלְדָּה – אוֹקָרִינַת הַזְּמַן,The Legend of Zelda - Ocarina of Time,culture,C,,,
הַמְּטַמוֹרְפוֹזָה,The Metamorphosis,drama,C,,,
פָּרָדוֹקְס הַבְּחִירָה,The Paradox of Choice,psychology,C,,,
פִּילוֹסוֹפְיָה שֶׁל שָׂפוֹת שְׁנִיּוֹת,The Philosophy of Second Languages,philosophy,C,,,
מִשְׁקַל חַיִּים רְגִילִים,The Weight of Ordinary Lives,dialogue,C,,,
בַּרְבּוּר הַפֶּרֶא,The Wild Duck,drama,C,,,
נְסִיעָה בַּזְּמַן,Time Travel,fantasy,C,,,
שְׁקָרִים לְבָנִים,White Lies,philosophy,C,,,